ФИО,марка,год выпуска,номер,цвет
Дрягина Любава Максимовна,Mitsubishi,2006,О715ЕХ,оранжевый
Колобов Рустам Арсеньевич,Subaru,1991,М231ХК,зеленый
Толстой Нона Эдуардовна,Volkswagen,2020,Е522РН,голубой
Пряхина Элеонора Матвеевна,Dodge,2022,А653РН,синий
Агейкина Алла Платоновна,Toyota,1999,С918КО,розовый
Бубенцов Капитон Артурович,Lada,2007,О568ВТ,голубой
Этуша Мелисса Егоровна,Tesla,1999,Н087РО,фиолетовый
Шелагин Савва Никифорович,Kia,2004,А047НВ,черный
Дубков Макар Ильмирович,Audi,2010,К452РО,оранжевый
Рытин Фёдор Власович,Honda,1994,С855СЕ,розовый
Жжёнова Лейла Робертовна,Mazda,2021,К468ХЕ,фиолетовый
Ястребова София Виталиевна,Audi,2020,К743ЕУ,синий
Скосырский Дамир Никандрович,Jeep,2009,Е416СН,розовый
Горбачева Ксения Васильевна,Ford,1993,О250МН,белый
Юркова Роза Богдановна,Honda,2019,Х700НС,желтый
Фонвизин Вадим Магомедович,Subaru,1991,Х836ОТ,голубой
Эфирова Теона Иосифовна,Mercedes,2016,У122ХО,серый
Калашникова Владислава Геннадиевна,Mercedes,2017,Т612ЕА,черный
Игошина Станислава Тарасовна,Mazda,2014,К328ОО,синий
Лукина Адриана Николаевна,Ford,1997,У021УТ,синий
Лозанов Александр Макарович,Tesla,2001,О247КР,оранжевый
Папенин Ипполит Харламович,Jeep,1991,Т771ОР,фиолетовый
Фотин Агап Изотович,BMV,1999,Т280МХ,голубой
Михеева Ясина Владиславовна,Mazda,2011,У305ХН,голубой
Никаева Жанна Станиславовна,Lada,1995,Р180ХС,желтый
Гавриленкова Дина Максимовна,Dodge,2011,Р447НР,синий
Виноградов Антон Маркыч,BMV,2003,К302УХ,синий
Крайнева Алла Александровна,Lada,2008,А570РТ,голубой
Акимова Юнона Валентиновна,Toyota,2014,Х791ЕР,фиолетовый
Игонин Тигран Ибрагимович,Skoda,2013,Е609РР,зеленый
Антимонов Остап Валерьевич,Volkswagen,2004,Х567МХ,зеленый
Малюгина Юлиана Максимовна,Mercedes,1991,Р014НР,зеленый
Абрамович Константин Гавриилович,Nissan,2022,Н589МХ,красный
Купцов Тимур Филатович,Toyota,2022,Е893УК,оранжевый
Дёмшин Юлий Захарович,BMV,2005,Е655ХТ,синий
Ильинская Арина Ильиничн,Ford,1998,Р549ЕК,зеленый
Веселкова Алёна Вячеславовна,Lada,2014,А728МВ,оранжевый
Купцов Захар Иоаннович,Mercedes,2006,Н943ВМ,синий
Аргамакова Аяна Максимовна,Ford,2003,О242ВЕ,желтый
Янаева Изабелла Денисовна,Toyota,2011,Х271РХ,зеленый
Петрищева Наталья Владимировна,Jeep,2006,У495УН,синий
Юнкин Тихон Харлампьевич,Volkswagen,1999,К959РЕ,голубой
Ковшутина Элина Константиновна,Skoda,2022,Н315ОА,красный
Ярыгина Фаина Юрьевна,Ford,2001,С711ТО,зеленый
Гребнев Данила Бенедиктович,Hyundai,2007,Е527ТЕ,черный
Пшеничникова Дарья Эдуардовна,Audi,1998,О610РА,зеленый
Оболенский Гаврила Бориславич,Skoda,2018,Е328НР,синий
Матвеева Мариам Ефимовна,Dodge,2012,К482УЕ,зеленый
Малкин Антон Маркович,Lada,2017,М457КО,желтый
Будников Лев Дорофеевич,Ford,2010,М832ОМ,розовый
Мишуринский Эмин Жоресович,BMV,2000,Р564КМ,белый
Моряев Марк Елисеевич,Mitsubishi,1997,Е688КВ,фиолетовый
Лазарева Мариам Антоновна,Subaru,2007,У307ОМ,розовый
Пичугина Агафья Ефимовна,Tesla,2019,Р036МО,розовый
Брязгин Игнатий Рудольфович,Mazda,1991,М693ХН,фиолетовый
Гольца София Денисовна,Kia,2018,У839КУ,красный
Достовалов Юрий Семёнович,Volkswagen,2010,Р488АА,серый
Розенбаха Всеслава Ефимовна,Renault,2005,Е383КК,фиолетовый
Беломестнов Илья Евграфович,Skoda,2015,С690СН,желтый
Терентьева Оксана Павловна,Toyota,2021,А792ТТ,оранжевый
Морозова Лиана Тимофеевна,Mercedes,1996,Е453УЕ,черный
Унтилова Василиса Артемовна,Tesla,2008,Н547ЕР,розовый
Булка Валерий Арсеньевич,BMV,2012,С171КЕ,фиолетовый
Савкина Карина Антоновна,Audi,1991,Т569ОК,серый
Сенькина Аделя Анатольевна,Nissan,2014,М395МО,фиолетовый
Яушкина Лидия Виталиевна,Mitsubishi,2006,Х999РМ,розовый
Фотин Денис Архипович,Mercedes,1998,У016АТ,белый
Справцев Валерий Магомедович,Honda,2007,Н413РР,фиолетовый
Хомичев Кирилл Гордеевич,Subaru,2006,Т217ТВ,красный
Воробьев Максимильян Даниилович,Hyundai,2016,У365АС,синий
Кругликов Альберт Демидович,Volkswagen,1998,М517УК,розовый
Куприянова Юлиана Константиновна,Audi,2005,Т668ХС,голубой
Грешнев Марк Артурович,Mazda,2016,Х225ТМ,желтый
Якунова Мия Олеговна,Tesla,1992,Р531КВ,фиолетовый
Ябловский Юлий Валерианович,Audi,2009,Р085ЕО,оранжевый
Мандрыка Юлий Викентьевич,Jeep,2018,У829АС,зеленый
Брантов Камиль Ефстафьевич,Mercedes,1995,Р259РС,желтый
Дмитровский Адам Никитович,Ford,2002,Т701КМ,зеленый
Низовцова София Матвеевна,Volkswagen,1994,М609СО,серый
Абалышева Елизавета Ефимовна,Honda,2014,У350МЕ,черный
Субботина Надежда Феликсовна,Toyota,2016,Н702ХК,фиолетовый
Чикунова Анастасия Кирилловна,Mercedes,2002,Е777ОС,розовый
Потапова Малика Александровна,Nissan,2013,С233ЕК,розовый
Корявова Агата Валерьевна,Volkswagen,2013,У149ХВ,черный
Набиуллин Владимир Валерьянович,Mitsubishi,1992,Х824МВ,фиолетовый
Зарубина Ираида Феликсовна,Renault,1996,О874РА,фиолетовый
Романенко Владилен Петрович,Lada,2021,У272ВО,розовый
Анюкова Ариана Эдуардовна,Audi,2005,О682УТ,оранжевый
Жарикова Ангелина Львовна,Dodge,2000,К740РМ,розовый
Божко Ясина Филипповна,Mitsubishi,2008,У014МР,фиолетовый
Бореев Эмиль Анисимович,Tesla,2017,Е471РМ,черный
Мамыкина Аделя Денисовна,Mercedes,2005,А886ХТ,красный
Ёжина Алисия Валерьевна,Mazda,2009,В155РК,розовый
Гудкова Роза Робертовна,Nissan,1995,М115МТ,розовый
Лоскутов Вениамин Иваныч,Ford,2008,У095ОК,синий
Мосин Адам Брониславович,Mitsubishi,2004,М434ТО,фиолетовый
Сухарев Вениамин Ваганович,Audi,1997,Т994УК,зеленый
Ворожцов Марк Архипович,Mazda,2004,Т585ОА,голубой
Толстой Тамара Евгеньевна,Audi,1990,Е496АХ,белый
Чернаков Филимон Жанович,Honda,2003,Р467УК,фиолетовый
Дукачёва Злата Федоровна,Subaru,1998,Х836ЕН,розовый
Остроумов Вячеслав Гавриилович,Honda,2015,С332МС,розовый
Иволгин Даниил Олегович,Toyota,1990,К903ВА,белый
Апалкова Виталина Евгеньевна,Skoda,2013,К599ОА,черный
Терентьева Ульяна Аркадьевна,Jeep,1995,М075МС,желтый
Зарубина Христина Станиславовна,Dodge,2008,Х444ОХ,желтый
Кривоплясов Евгений Захарович,Subaru,2016,Н800АВ,серый
Бурдаков Борис Ермилович,Honda,2000,О128СО,розовый
Гаранин Агап Павлович,Kia,2012,М834ВС,черный
Калачева Регина Робертовна,Volkswagen,2017,Х054УУ,розовый
Глинка Ника Львовна,Renault,2014,К242МЕ,синий
Куликова Оливия Владимировна,Volkswagen,2022,У742ВХ,черный
Бажанов Арсен Исидорович,Hyundai,1995,М946РХ,красный
Саянкова Евгения Андреевна,Skoda,2015,М689ЕХ,красный
Ячменцев Фома Ваганович,Volkswagen,1990,В821РХ,красный
Лидина Злата Аркадьевна,Hyundai,2011,С537УХ,синий
Кирилловский Артём Гурьевич,Hyundai,2019,У453АХ,оранжевый
Калашникова Пелагея Александровна,Kia,2017,Х134АК,желтый
Горбачева Оксана Юрьевна,Mazda,2016,В629МС,розовый
Лавлинский Артемий Павлович,Lexus,2012,У282АУ,белый
Сереброва Сара Федоровна,Toyota,2016,О891ЕЕ,черный
Жабкин Филипп Ильич,Lada,2001,Р999АХ,черный
Мозговой Эмир Богданович,Audi,1990,К082ОО,голубой
Кропанина Евгения Станиславовна,Nissan,2007,А757ХМ,зеленый
Тукаев Всеволод Ваганович,Mitsubishi,1993,К778МА,красный
Латышев Константин Игоревич,Mitsubishi,2010,А693АА,оранжевый
Целиковский Онуфрий Федосеевич,Tesla,2000,О457ТН,красный
Набадчикова Владислава Федоровна,Mazda,1999,Т708МЕ,белый
Чупрова Марьям Львовна,Honda,2001,К902РН,серый
Курдиков Серафим Феодосьевич,Hyundai,2001,В324КУ,синий
Лоскутников Прохор Всеволодович,Jeep,1998,Н476ОС,фиолетовый
Безукладникова Агата Васильевна,Lada,2007,А963ВА,красный
Сигаев Николай Маркович,Hyundai,2003,М115ЕУ,желтый
Слепынин Тигран Игнатьевич,Mazda,2020,Р909ТА,серый
Жикина Афина Викторовна,Toyota,1996,О926ТА,синий
Югова Агафья Ефимовна,Skoda,2015,А107ТР,желтый
Хромченко Аврора Евгеньевна,Dodge,1990,О705ХЕ,желтый
Пшеничникова Амелия Игоревна,Toyota,2021,В327ЕК,желтый
Нестеров Станислав Осипович,Subaru,2006,Н652ОА,розовый
Шаповалов Виссарион Михалыч,Mazda,1991,Х957УХ,голубой
Якубович Гаврила Федотович,Hyundai,1995,Н583АТ,розовый
Шастин Андрей Афанасьевич,Hyundai,1994,К781МА,черный
Шашлов Демид Федосеевич,Lexus,2015,Х359ОВ,голубой
Низамутдинов Андриян Жоресович,Mazda,1994,М571РХ,белый
Лель Эмир Гавриилович,Mercedes,2001,У064ТА,зеленый
Крыжов Эмиль Вольфович,Nissan,2020,Х036АО,фиолетовый
Катаев Эрик Ермилович,Kia,2003,Р059ТЕ,фиолетовый
Полухина Зинаида Геннадиевна,Renault,1991,Х338ОХ,зеленый
Яйцов Вячеслав Геннадьевич,Subaru,1995,Е185УА,черный
Казнов Анатолий Русланович,Hyundai,1997,М898ТР,оранжевый
Янцев Яромир Максимович,Honda,2013,М515УК,зеленый
Лоскутов Никанор Дорофеевич,BMV,2015,С281ОК,черный
Лившиц Дамир Батькович,Lada,2000,Р386МХ,красный
Калугина Элеонора Денисовна,Kia,2018,Е490МК,оранжевый
Живков Данияр Жоресович,Hyundai,1996,К558НВ,синий
Ярославцев Рюрик Матвеевич,Subaru,2019,А958УТ,серый
Сергеевич Илья Евсеевич,Honda,2012,Е260КУ,зеленый
Лоскутов Виссарион Адрианович,Mitsubishi,2017,В334НР,розовый
Кетов Дементий Ильич,Skoda,1997,М220АА,синий
Никерова Мия Тимофеевна,Dodge,2022,У427СТ,серый
Разуваева Мариам Павловна,Renault,2015,Е418РВ,синий
Александрова Малика Григорьевна,Volkswagen,2006,Х075УК,синий
Чикунова Юнона Матвеевна,Kia,2013,С867СЕ,красный
Грибоедова Миа Ильиничн,Renault,2015,Е333НК,красный
Зюлёв Алексей Федосьевич,Nissan,2016,К349МА,красный
Будаев Эмиль Гаврилович,Kia,2002,О964РР,голубой
Гусева Лидия Львовна,Jeep,2016,К843УХ,оранжевый
Арсеньев Владимир Никанорович,Hyundai,1999,В047АО,желтый
Короткова Пелагея Денисовна,Jeep,1992,Е492ОУ,черный
Аристов Максимильян Русланович,Mercedes,1995,В432УТ,синий
Белорусов Родион Фёдорович,Subaru,2016,М013АР,серый
Викашев Дмитрий Егорович,Toyota,1991,Е102ЕХ,синий
Савицкая Агния Тарасовна,Mazda,2006,Т209МА,серый
Вязьмитин Марат Павлович,Audi,1998,Х682ЕХ,серый
Кожедуб Артур Фокич,Mercedes,2004,С934ЕТ,красный
Мерзлова Дина Филипповна,Skoda,1998,С217КР,черный
Краснопёров Артём Гаджиевич,Jeep,1992,К488ЕМ,красный
Бабкин Захар Русланович,BMV,2001,У057КВ,оранжевый
Чупрова Ангелина Алексеевна,Toyota,2019,О446НМ,белый
Глоба Аглая Геннадиевна,BMV,2019,М108АА,фиолетовый
Круглова Амелия Ильиничн,Ford,1995,С079МС,черный
Каиров Билал Васильевич,Lada,1991,К725АХ,белый
Трухин Али Никодимович,Mitsubishi,2019,Р166КУ,фиолетовый
Рыжкова Василина Александровна,Toyota,2010,А420АМ,желтый
Фламин Адам Авдеевич,Mitsubishi,2020,Н515УУ,голубой
Цулукидзе Асия Олеговна,Lexus,1995,К305ХО,красный
Берестова Глафира Антоновна,Ford,2006,М375ТВ,фиолетовый
Цыркунова Мила Тарасовна,Kia,2008,Р008ХК,белый
Шипицина Маргарита Леонидовна,Kia,2019,С450ВХ,оранжевый
Климцов Игнатий Соломонович,Honda,2018,О515НР,зеленый
Лоскутов Владилен Иванович,Kia,2004,Р917НС,белый
Берестова Лада Павловна,BMV,1994,Е285КК,розовый
Еськов Борис Никифорович,Ford,2018,М233ЕР,голубой
Черная Доминика Олеговна,BMV,1999,Х104АУ,желтый
Зинченко Демид Богданович,Subaru,1992,Т817АР,голубой
Михеева Влада Романовна,Skoda,2012,Е049АХ,розовый
Суружу Анна Семеновна,BMV,2018,О501УО,синий
Сиякаева Берта Станиславовна,Honda,1993,С363ОО,оранжевый
Куликова Лейла Вячеславовна,Audi,1993,С756ТК,белый
Логвинова Сафия Ярославовна,Mitsubishi,2014,Н803РС,черный
Анюкова Татьяна Григорьевна,Renault,2020,В905УЕ,зеленый
Шипицин Евстигней Филатович,Mercedes,2022,Р074МУ,зеленый
Лисов Петр Владленович,Mazda,2014,Р023ЕМ,голубой
Чичваркина Вера Матвеевна,Hyundai,1998,В658ЕЕ,черный
Сиянгулов Яромир Жанович,Kia,2001,В432КТ,фиолетовый
Петровская Сара Петровна,BMV,2012,В879МВ,черный
Белевич Лев Гавриилович,Lexus,2018,С483ВО,фиолетовый
Рыбаков Сергей Константинович,Mitsubishi,2002,Х952СК,белый
Пономарёва Лия Леонидовна,Mercedes,1996,Т007РЕ,красный
Ханилов Капитон Харлампьевич,Hyundai,2018,Р114КТ,фиолетовый
Чечин Эмир Захарович,Mercedes,1993,Е336ВК,серый
Ахвледиани Тея Анатольевна,Lexus,1993,В934ЕЕ,розовый
Асланов Захар Семёнович,Hyundai,2000,А354СМ,серый
Воеводина Сара Николаевна,Renault,2012,У493РС,зеленый
Мешкова Ксения Ильиничн,Renault,2001,Р274СА,синий
Захарьина Алёна Иосифовна,Kia,2016,Р411ЕО,красный
Богачёва Лия Тарасовна,Honda,2020,М766КВ,голубой
Манторова Дана Викторовна,Dodge,2020,С794ВЕ,желтый
Быстрова Анжелика Сергеевна,Mercedes,1993,В851СТ,черный
Беломестнов Максим Евсеевич,BMV,2000,У981СР,серый
Корнилова Ясина Кирилловна,Honda,2022,О461АН,зеленый
Сёмин Марсель Викторович,Mazda,2008,Х695ОК,фиолетовый
Трибой Даниил Геннадьевич,Hyundai,1996,У048ТА,белый
Смирнитский Георгий Никанорович,Dodge,1990,Х313ВТ,розовый
Розенбах Валерьян Вениаминович,Dodge,1994,Р348ВМ,оранжевый
Федоренко Рюрик Демидович,Honda,2009,С405ВХ,оранжевый
Мосяков Тигран Брониславович,Audi,2014,М594ОА,синий
Седыха Лариса Владиславовна,Subaru,1994,В933СО,оранжевый
Лачков Георгий Евгеньевич,Jeep,2021,С666ВВ,желтый
Ильинская Кристина Платоновна,Mitsubishi,2011,А368РВ,оранжевый
Щенин Даниль Владленович,Toyota,2019,В394НО,синий
Аристов Валерьян Данилович,Subaru,2005,В180НА,розовый
Тычкина Адриана Тарасовна,Subaru,1992,Р873АУ,черный
Кулактина Раиса Алексеевна,Mazda,2021,В695СЕ,желтый
Сенотрусова Лейла Викторовна,Mercedes,2003,Т331СЕ,синий
Вагина Алисия Аркадьевна,Toyota,1997,С647ТВ,розовый
Сиянович Захар Никонович,Ford,1994,Е386УВ,оранжевый
Меледин Артемий Давыдович,BMV,2013,С266ОР,зеленый
Дёмшина Катерина Ивановна,Audi,1995,Х442СН,голубой
Сергеев Эмин Максимилианович,Subaru,2002,В946КХ,черный
Шумов Никита Фокич,Subaru,2019,К153КХ,оранжевый
Янкилович София Антоновна,Volkswagen,1998,Х565ЕК,белый
Крупин Ярослав Вольфович,Subaru,1993,В107УУ,зеленый
Дёмшина Татьяна Григорьевна,Jeep,1998,М138ВВ,оранжевый
Ложкин Захар Бедросович,Audi,2009,У169НС,фиолетовый
Гречко Надежда Матвеевна,BMV,2004,В613РР,розовый
Чуринов Билал Константинович,Nissan,2000,В655СР,розовый
Ягуткин Леон Александрович,Lada,2002,Е593РН,зеленый
Пищальников Семён Ерофеевич,Lada,1999,К523ОМ,серый
Буряков Вячеслав Фёдорович,Nissan,1991,Р437ОУ,черный
Ябловский Эмир Романович,Skoda,2018,Р960ХМ,серый
Якусик Дмитрий Игнатьевич,Honda,2018,У585ВС,белый
Лапухова Оливия Егоровна,Audi,2011,Е609МЕ,серый
Полторака Мелисса Иосифовна,Nissan,1991,Н028КО,оранжевый
Ярощук Вениамин Ермолаевич,Toyota,2008,Н176ЕВ,белый
Пустоходова Амелия Степановна,Lada,2007,Р481НХ,фиолетовый
Красенкова Татьяна Сергеевна,Ford,2009,Н736НО,зеленый
Ярощука Ульяна Владиславовна,Audi,2015,У802ТВ,синий
Нилина Ариана Валентиновна,Nissan,2003,Р392КО,оранжевый
Расторгуев Ярослав Ефимович,Toyota,2000,С018ТР,белый
Мешкова Ксения Павловна,Nissan,2006,Т895АУ,розовый
Куваева Евгения Федоровна,Mercedes,2001,О572КК,фиолетовый
Розенбаха Милослава Денисовна,Lada,2020,С629ХЕ,белый
Радченко Ирина Богдановна,Mitsubishi,2019,У579РА,розовый
Пелёвина Эмма Кирилловна,Honda,2010,У230КК,красный
Малюгина Оливия Эдуардовна,Mazda,2016,Х762ТК,серый
Кирьянов Григорий Харитонович,Mitsubishi,1995,Х433УЕ,розовый
Зонов Евгений Иосипович,Tesla,2009,В572УМ,синий
Беломестный Виктор Федосьевич,Mercedes,2011,М261ВЕ,белый
Успенская Станислава Матвеевна,Skoda,2014,Т103ТВ,фиолетовый
Царева Марфа Михайловна,Lexus,1991,С198РУ,красный
Ковтунова Диана Тимофеевна,Toyota,2020,О092МЕ,красный
Вахрушев Аркадий Александрович,Mitsubishi,1992,Т700ТЕ,белый
Портнова Виолетта Викторовна,Lada,2022,А058КС,серый
Васнецова Раиса Романовна,Kia,2000,О554НЕ,розовый
Григорьев Герман Изотович,Mercedes,2012,К972УН,черный
Низамутдинов Аркадий Михайлович,Mercedes,2006,Р818ОВ,синий
Савкина Инесса Денисовна,Mazda,1995,Н644ЕЕ,черный
Аргамакова Всеслава Егоровна,Audi,2009,М886МТ,серый
Горбачева Лиана Юрьевна,Dodge,2002,К409ВН,голубой
Махов Максим Ваганович,Dodge,2016,Х454НС,серый
Аристов Феофан Евдокимович,Lada,2008,Н909РА,черный
Энтина Анжелика Григорьевна,BMV,2004,Н855АС,фиолетовый
Шевелёк Кирилл Иосифович,Volkswagen,2021,Т733УХ,белый
Бранта Тамара Робертовна,Subaru,2015,М901ВА,оранжевый
Ханинов Захар Власович,BMV,1994,В261МА,синий
Сиясинова Ефросиния Робертовна,Audi,2016,М967НК,зеленый
Кузинов Егор Феодосьевич,Hyundai,1992,С647ХВ,серый
Бирюкова Алеся Ярославовна,Hyundai,2007,О643ВС,красный
Корявов Эмир Вольфович,Ford,2021,Х017АХ,синий
Ульянова Анфиса Даниловна,Mitsubishi,2007,У994ЕВ,розовый
Борева Яна Егоровна,Tesla,2013,К034ОВ,зеленый
Дёмшин Макар Захарьевич,Hyundai,2020,В084ЕК,зеленый
Салтыков Борис Ермолаевич,Nissan,2008,А662КО,белый
Гречко Ефросинья Эдуардовна,Jeep,1990,О496УВ,серый
Фахриев Марк Еремеевич,Nissan,2000,А731ХХ,розовый
Куваева Регина Петровна,Honda,1996,Н810МВ,серый
Чечин Марат Валентинович,Skoda,1992,Р189ХН,фиолетовый
Юдицкий Григорий Ильич,Lexus,2012,С112ХВ,белый
Шерстова Вера Сергеевна,Nissan,2007,Т066ХЕ,синий
Урусова Валентина Артемовна,Mitsubishi,1996,В812ВН,красный
Акимова Ясмин Максимовна,Subaru,2010,К349КС,зеленый
Камкин Алексей Вольфович,Subaru,1998,Т166УК,желтый
Игошина Лия Георгиевна,Tesla,2010,О203СС,голубой
Гусева Ясмин Даниловна,Toyota,2001,К149ТА,оранжевый
Чужинов Тихон Давыдович,Skoda,2001,М120ТН,серый
Уваров Аристарх Фадеевич,Volkswagen,1999,А702МО,синий
Яробкин Семён Венедиктович,Lada,2022,А629МВ,серый
Любова Адриана Станиславовна,Dodge,2014,А885РМ,оранжевый
Ястребова Регина Яковлевна,Ford,2002,Р069МЕ,красный
Гусельников Вадим Артемьевич,Kia,2022,С427УЕ,зеленый
Ковтунова Агата Юрьевна,Mazda,2011,Н284НВ,черный
Апалкова Маргарита Васильевна,Hyundai,2006,О266УК,красный
Антонович Александра Ярославовна,Mazda,2003,Х880РУ,розовый
Спиридонова Дана Геннадиевна,BMV,2017,М547АО,белый
Кайназаров Мстислав Рустамович,Hyundai,2018,Х774РВ,зеленый
Другов Вадим Трифонович,Audi,2010,С398СК,синий
Уржумцева Евгения Вячеславовна,Lexus,2012,Х143СР,серый
Черенчикова Берта Николаевна,Toyota,2001,С180АР,черный
Ажищенков Андрей Егорович,Nissan,2005,В744РТ,голубой
Болдаев Эрик Елизарович,Lada,2009,Х593МТ,синий
Щерба Эмир Исидорович,BMV,1993,С492СО,зеленый
Никаева Сабрина Феликсовна,Dodge,2011,В693ХЕ,зеленый
Абросимова Владлена Георгиевна,Tesla,2016,Н547КТ,голубой
Двойнева Агата Тимофеевна,Ford,1998,Н751РК,серый
Шибалкина Берта Артемовна,Nissan,2012,О954ВС,черный
Тесла Мариам Артемовна,Lada,1995,К165КЕ,синий
Балина Амина Богдановна,Tesla,1998,Н335КВ,желтый
Бажанов Родион Матвеевич,Renault,1998,Е195РТ,зеленый
Краснокутский Елисей Никонович,Hyundai,1990,К403ХВ,оранжевый
Ямбаева Всеслава Валентиновна,Lexus,2012,Н502КМ,зеленый
Фастер Роман Харламович,Ford,2000,Н689НМ,черный
Петрухин Игнатий Артемьевич,BMV,2014,Е708НУ,розовый
Никитин Владлен Андроникович,Toyota,1999,Р477ВО,голубой
Радченко Людмила Ильиничн,Mazda,2000,У373КО,розовый
Богатырёв Лев Викентьевич,Nissan,2000,Х784ВО,серый
Сиякаева Ася Даниловна,Volkswagen,2008,Н453ХК,синий
Николаичев Эмир Григорьевич,Nissan,2019,С891ЕК,черный
Белоусова Маргарита Павловна,Dodge,1994,О214ОР,черный
Бенедиктов Семён Адрианович,Ford,2016,О344МК,красный
Кожедуб Камиль Богданович,Lexus,2018,Х192РН,оранжевый
Гавриленкова Мелисса Ярославовна,Mazda,1996,К854ЕТ,серый
Кожедуб Артур Викторович,Jeep,2006,С093МР,серый
Любова Марианна Аркадьевна,Kia,2000,В586МС,черный
Антипин Серафим Герасимович,Tesla,2018,Х770УК,красный
Салтыков Марсель Ермилович,Tesla,2016,У290РУ,оранжевый
Мешкова Есения Дмитриевна,Jeep,2015,О229СО,голубой
Левтев Камиль Дмитриевич,Toyota,2006,Н926УР,розовый
Гришкина Милена Богдановна,Kia,1996,К192ТХ,зеленый
Карамзина Инесса Романовна,BMV,2002,Р948МК,черный
Малкин Капитон Давыдович,Subaru,1994,О365СМ,белый
Жикин Платон Емельянович,Dodge,2005,А797ХХ,синий
Абросимова Александра Станиславовна,Nissan,2009,Р510КТ,серый
Челпанова Наталия Эдуардовна,Kia,1996,М861ЕР,белый
Курдиков Артемий Ильич,Renault,2017,С985СМ,розовый
Шерстова Сабрина Николаевна,Nissan,1993,М115ВТ,голубой
Шангин Мирон Артемьевич,Subaru,2019,М570МЕ,розовый
Куклачёва Амира Эдуардовна,Renault,2003,М998ХХ,голубой
Козлитина Лиана Владиславовна,Hyundai,2005,Т467ТУ,белый
Седыха Аза Владиславовна,Jeep,2022,А355УУ,розовый
Марков Дементий Валерьевич,Mazda,2011,Е318ХА,синий
Сергеев Макар Харитонович,Hyundai,1996,В093НА,красный
Дёмшин Даниэль Елисеевич,Mercedes,2004,Е369ОА,желтый
Яскина Алёна Андреевна,Hyundai,2016,Р573НВ,зеленый
Бабкин Захар Глебович,Jeep,2014,А123ВВ,зеленый
Тредиаковский Руслан Соломонович,Subaru,1993,А797НН,красный
Седыха Арина Артемовна,Mercedes,1999,Р224ОВ,синий
Аксенчук Илья Сильвестрович,Mitsubishi,2002,О323ХА,зеленый
Бабикова Мелания Тимофеевна,Honda,2006,У710ТВ,желтый
Элефтеров Даниил Владимирович,Dodge,2005,А609СН,красный
Приказчиков Аркадий Афанасьевич,Subaru,1998,У041АУ,черный
Гавриленко Роман Владимирович,Mitsubishi,2007,А869РХ,голубой
Дворецкова Эвелина Ярославовна,Ford,2018,С336ТК,фиолетовый
Садовничая Вероника Денисовна,Tesla,1992,Н585КО,синий
Дёмшин Адам Львович,Nissan,2020,С871ЕР,зеленый
Батурин Данияр Тимофеевич,Mazda,2019,М058АО,розовый
Галиаскарова Лиана Егоровна,Mazda,2003,М738ВК,голубой
Остальцева Марина Михайловна,Hyundai,2015,А573ТС,синий
Горбачев Александр Богданович,Nissan,2000,Н045ТН,красный
Таланова Мария Тимофеевна,Mazda,2013,М830ОМ,розовый
Дуболазова Яна Павловна,Lada,2006,У842СК,фиолетовый
Нестеров Геннадий Власович,Audi,1999,Е681НТ,розовый
Любова Регина Феликсовна,Toyota,2001,У020КР,зеленый
Ядрышников Тигран Львович,Mercedes,2012,М421КА,синий
Приказчиков Михаил Валерьевич,Mazda,2016,Р763ТХ,фиолетовый
Никаева Мария Даниловна,Renault,2005,Т745АВ,синий
Кондратова Маргарита Платоновна,Audi,2002,У392ЕХ,зеленый
Набоков Филипп Аркадьевич,Mercedes,1995,Н337ВУ,красный
Белевич Адам Игнатович,Nissan,1999,Х339УМ,фиолетовый
Азаренкова Лея Борисовна,Renault,2005,О434НС,розовый
Крупин Марсель Наумович,Jeep,2000,В587ЕО,черный
Яцко Елизавета Матвеевна,Audi,1996,С063ВУ,черный
Пшеничникова Ирина Романовна,Hyundai,2016,Р392РК,фиолетовый
Ёжин Владислав Феоктистович,Renault,2001,О502СН,фиолетовый
Пивоварова Анисия Евгеньевна,Toyota,1993,С344АТ,розовый
Калачева Христина Владиславовна,Mitsubishi,1990,Н961УЕ,зеленый
Петрищева Ева Богдановна,Mazda,1993,Х543ТХ,голубой
Капитанчук Никанор Трифонович,Jeep,2018,Р361МН,белый
Голованова Юнона Павловна,Hyundai,2011,К379ХХ,серый
Лавлинский Данис Акимович,Ford,2013,К703СС,зеленый
Григорьев Михаил Ильич,Hyundai,2008,М804АА,желтый
Ямалтдинова Николь Платоновна,Kia,2016,Х948ЕР,зеленый
Котов Роберт Харламович,Ford,2001,А068МВ,черный
Кожедуб Роберт Иванович,Audi,2015,Р175СУ,синий
Расторгуева Амина Вячеславовна,Volkswagen,1997,Х421ЕХ,серый
Яцко Влада Богдановна,Kia,2016,С037АТ,синий
Шевелёк Вячеслав Батькович,Mercedes,2002,С974АН,фиолетовый
Гавшина Изольда Платоновна,Tesla,2013,М573МУ,зеленый
Нугаева Христина Робертовна,Hyundai,2018,Е257НЕ,желтый
Достовалов Антон Фомич,BMV,1994,Н753РВ,синий
Ямалтдинова Ирина Филипповна,Dodge,1997,А947СС,оранжевый
Аллилуева Любовь Павловна,Nissan,2012,У318ОВ,зеленый
Лель Мирослав Ильмирович,Skoda,2008,Т244ОО,оранжевый
Ковтунова Юлиана Ярославовна,Skoda,2020,Х138РМ,зеленый
Поздов Филипп Маркыч,Kia,2017,Р258РС,оранжевый
Сергеевич Евгения Яковлевна,Mitsubishi,2004,Н926НТ,белый
Балина Айлин Ярославовна,Jeep,2015,А738НХ,оранжевый
Азаренкова Лилия Ефимовна,Hyundai,1997,М504ОН,черный
Латышев Руслан Захарьевич,BMV,1991,Н980ММ,черный
Игонин Тигран Адамович,Mazda,2008,Т706УВ,серый
Яклашкина Соня Романовна,Dodge,1993,Р179ВУ,голубой
Грибакин Руслан Акимович,Mercedes,2017,Р620СВ,фиолетовый
Москвитин Данила Глебович,Mitsubishi,1994,У127СН,белый
Дасаев Леон Соломонович,Toyota,2008,О976КК,желтый
Кризько Дарина Эдуардовна,Audi,2005,Х646КМ,красный
Кулактина Анисья Дмитриевна,BMV,1994,Е867ТК,желтый
Дементьева Инна Станиславовна,Skoda,2006,С079НВ,голубой
Абрамович Егор Андроникович,Renault,2020,У874УО,голубой
Цехановецкий Феликс Андреевич,Volkswagen,1993,А826МВ,зеленый
Кривоплясов Егор Герасимович,Subaru,2008,У387СЕ,фиолетовый
Трошкин Максим Артёмович,Jeep,2002,О978СВ,красный
Майсака Эмилия Андреевна,Subaru,1998,Т106СХ,фиолетовый
Меледин Гаврила Федосьевич,Jeep,2007,Н463ХМ,желтый
Шевелёк Григорий Антипович,Nissan,2014,Р572МЕ,розовый
Кручинкин Владилен Леонович,Lexus,2008,У801РВ,зеленый
Демин Максим Андроникович,Lexus,2000,Н693ХР,черный
Козлитина Наталия Виталиевна,Subaru,2015,У862ТУ,красный
Цыцын Борис Тимофеевич,Hyundai,1997,Е754ТЕ,голубой
Меледин Евстигней Никодимович,Kia,1995,А389ЕУ,желтый
Дмитровский Билал Григорьевич,Lada,2013,У710РО,оранжевый
Таланова Ульяна Ярославовна,Toyota,2022,К853ХА,розовый
Кидина Тея Денисовна,Mazda,1990,М674ВВ,оранжевый
Дыховичный Богдан Евгеньевич,Nissan,2002,С420УХ,розовый
Гришкина Ольга Анатольевна,Mercedes,1993,Т275МА,оранжевый
Яимова Сафия Валентиновна,Hyundai,2002,Н450ТУ,оранжевый
Лель Кирилл Антонович,Subaru,1997,С821ВО,желтый
Косомова Инга Федоровна,Hyundai,2018,С549НК,розовый
Янукович Данияр Ильсурович,Hyundai,2007,К177ВО,фиолетовый
Бирюкова Тамара Тимофеевна,Renault,1994,Х694ЕА,синий
Легкодимов Лев Измаилович,Hyundai,2020,С094ВВ,фиолетовый
Мосин Игнатий Прохорович,Tesla,2002,В829ХА,голубой
Ёжина Диана Даниловна,Skoda,2022,Н032ВВ,желтый
Чендев Феофан Богданович,Mazda,1991,Е499МР,голубой
Гусин Владимир Викторович,Nissan,2007,К103РХ,серый
Яушкина Мира Семеновна,Renault,2005,Х906НВ,зеленый
Ибрагимова Милена Станиславовна,Honda,1999,Н424ЕС,фиолетовый
Аллилуева Николь Ярославовна,Lada,2020,М196ЕО,оранжевый
Питосин Тимур Ефремович,Nissan,2011,М795КВ,желтый
Ювелева Сара Павловна,Toyota,2007,А076НН,черный
Расторгуева Татьяна Викторовна,Volkswagen,2002,У160ХХ,фиолетовый
Урусова Мелания Викторовна,Nissan,2017,Е417ВТ,зеленый
Снаткина Валентина Станиславовна,Mitsubishi,1999,Н503АО,оранжевый
Чучанов Камиль Германович,Kia,1998,Н037НН,розовый
Шмелёв Арсен Иосипович,Nissan,2016,К662УВ,оранжевый
Куклачёва Айша Львовна,BMV,2016,А373НМ,желтый
Малюгина Амира Николаевна,Subaru,1994,С698ХН,голубой
Мажулин Владилен Гаврилович,Nissan,2017,Х677АС,розовый
Зиновьев Всеволод Антипович,Honda,2011,А956ЕХ,желтый
Анюкова Камила Александровна,Mazda,2012,С993УМ,белый
Антипин Серафим Никитич,Lada,2006,К289УА,оранжевый
Гусин Андрей Тимофеевич,Nissan,2014,С845ХО,красный
Мажулин Эрик Гурьевич,Honda,1992,Е901ВВ,белый
Белевич Лев Захарьевич,Lada,1999,Е400НХ,оранжевый
Висенина Мелисса Константиновна,Jeep,2012,Е258МВ,черный
Хейчеева Наталья Егоровна,Jeep,1990,О510ЕТ,оранжевый
Малиновский Леонид Вахтангович,Renault,2007,К771АР,зеленый
Русанова Нелли Ярославовна,Nissan,1999,О376НМ,желтый
Эпингера Лейла Владимировна,Kia,1994,Е250СЕ,черный
Сильвестрова Айлин Васильевна,Renault,1996,О795КВ,фиолетовый
Кобелева Регина Ярославовна,Nissan,2011,М839НК,зеленый
Мешкова Юлиана Станиславовна,Mazda,2000,М535РЕ,серый
Доронина Софья Даниловна,Skoda,2012,Т583ТМ,голубой
Цыркунова Жанна Егоровна,Subaru,2015,Т550НТ,белый
Кобелева Диана Григорьевна,Mitsubishi,2016,Р808НА,желтый
Щербина Макар Ильсурович,Nissan,2010,Т893РХ,зеленый
Шерстова Кира Константиновна,Volkswagen,2003,С087РВ,белый
Чеботарев Савелий Ильясович,Volkswagen,2011,Т784УА,розовый
Щеголев Тимофей Феликсович,Toyota,2003,У694МА,синий
Юдицкий Юрий Иваныч,Nissan,2000,Р599УР,красный
Токмаков Борис Ахматович,Jeep,1995,У576РЕ,фиолетовый
Зубок Макар Осипович,Hyundai,1996,Х931ЕХ,желтый
Мигунова Ираида Сергеевна,Mercedes,1991,О344КР,серый
Дюженкова Есения Максимовна,Kia,2005,Н692СН,серый
Компанец Макар Ильгизович,Mitsubishi,2001,К591ММ,розовый
Северин Серафим Игоревич,Renault,1993,М584ВВ,розовый
Брантов Герман Глебович,Ford,2005,Е841ЕХ,оранжевый
Токмаков Антон Антонович,Honda,2022,С575ХС,розовый
Нестеров Святослав Леонидович,Subaru,2015,Н899ТК,зеленый
Желваков Евграф Никифорович,Ford,1996,Х698РМ,серый
Якунчиков Эмир Маркыч,Toyota,1996,В280КТ,белый
Юркова Карина Викторовна,Dodge,2015,У808НМ,синий
Галиаскарова Аврора Андреевна,Jeep,2001,Р015МВ,желтый
Соломинцев Лев Маркыч,Hyundai,2010,О027МЕ,серый
Шувалова Ксения Матвеевна,Audi,1991,У248УН,голубой
Антонович Миа Степановна,Hyundai,2003,Х571ТЕ,красный
Зууфина Нина Платоновна,Ford,1990,В547ОС,розовый
Богачёва Миа Артемовна,Toyota,2020,Р752ВС,желтый
Эвентов Захар Феодосьевич,Mercedes,2004,К378РР,желтый
Кропанина Николь Кирилловна,Audi,1996,Р756ТН,черный
Цыцын Олег Федосьевич,Mazda,2012,Х642КК,зеленый
Нырцев Родион Игнатьевич,Mercedes,2000,Т811МТ,синий
Киреева Миа Владимировна,Mitsubishi,2003,К322АВ,зеленый
Сизов Али Игнатьевич,Skoda,1995,Е892НС,черный
Ядов Капитон Терентьевич,Mitsubishi,2004,Р200НТ,красный
Куджиашвили Юлий Денисович,Honda,2004,Р863МА,фиолетовый
Кузинова Агата Виталиевна,Hyundai,2003,Н381ВН,белый
Костина Тамара Эдуардовна,Dodge,2019,У995ВМ,голубой
Яйцов Михаил Аркадьевич,Tesla,1995,О512НО,оранжевый
Муравьева Софья Ильиничн,Lada,1995,Х954ОМ,оранжевый
Жарыхина Анисия Максимовна,Mazda,1990,Р468ТО,фиолетовый
Ясин Давид Геннадиевич,Skoda,1999,Н401АУ,серый
Трухин Эмиль Васильевич,Hyundai,2014,В457СК,розовый
Русаков Константин Игнатович,Ford,2015,У310ХМ,голубой
Балина Роза Георгиевна,Renault,1999,Х989АТ,синий
Якимычева Эльвира Алексеевна,Tesla,1996,М196ЕО,оранжевый
Милютина Арина Виталиевна,Kia,1995,Р247ЕМ,зеленый
Собчак Максим Борисович,Kia,2019,О113НА,серый
Строганова Екатерина Владиславовна,Tesla,2004,С820РУ,фиолетовый
Петровская Асия Станиславовна,Kia,1999,Т569НА,зеленый
Майоров Никита Авдеевич,Jeep,2021,М202УУ,фиолетовый
Григорьев Никита Валентинович,Honda,2020,Р674ОО,розовый
Эфирова Лилия Артемовна,Volkswagen,2016,У928НО,красный
Лисов Степан Феофанович,Volkswagen,2000,Т347РР,желтый
Мелехов Егор Изотович,Ford,1998,В920АТ,фиолетовый
Лидина Альбина Ильиничн,Ford,2001,С128СН,зеленый
Проскура Моника Тимофеевна,BMV,2009,К468РР,оранжевый
Балина Лина Богдановна,BMV,1996,Р434НР,розовый
Кризько Серафима Аркадьевна,Jeep,2002,Р629ХН,белый
Ямалтдинова Ясмина Валерьевна,Tesla,2009,М798ХМ,фиолетовый
Бессонов Макар Гавриилович,Mercedes,2000,Т182ЕК,розовый
Москвин Эмиль Ааронович,Hyundai,1996,У076ЕМ,красный
Розенбаха Наталия Степановна,Tesla,2006,Х809ХХ,красный
Игошина Элина Тарасовна,Renault,2012,Х175ЕР,красный
Чебыкина Римма Кирилловна,Volkswagen,2018,С408НХ,серый
Чикунова Оливия Тимофеевна,Jeep,2011,А472ВК,черный
Кярбер Василий Натанович,Dodge,1992,Х294СР,зеленый
Сенькина Валентина Вячеславовна,Subaru,2001,С954ОС,розовый
Чичеров Пётр Алексеевич,Kia,1998,Р866ВО,фиолетовый
Скороходова София Борисовна,Honda,1991,О210ВС,фиолетовый
Дмитровский Бронислав Каллистратович,Ford,2008,А189ОМ,желтый
Дуболазова Фаина Матвеевна,Toyota,1999,В509СУ,красный
Коренев Билал Геннадьевич,Subaru,2020,А422ХЕ,белый
Пряхин Демид Гертрудович,Lexus,2018,У166АТ,фиолетовый
Эмский Никанор Иосипович,Ford,1990,У078УС,красный
Лукина Ираида Феликсовна,Mitsubishi,1991,У310ТО,фиолетовый
Закрятин Евстигней Виленович,Nissan,1995,С941КА,фиолетовый
Званцева Элеонора Юрьевна,Nissan,2001,Х750ВА,оранжевый
Тенишев Аркадий Димитриевич,Jeep,2006,Х891ОС,розовый
Ковтунова Эльвира Богдановна,Toyota,2013,В497ЕН,фиолетовый
Шитов Рустам Никифорович,Volkswagen,2001,К191УМ,серый
Шурьев Илья Ефстафьевич,Ford,2000,Н188АТ,зеленый
Шумов Станислав Архипович,Kia,1990,А987МР,красный
Шипицин Клим Артёмович,Volkswagen,2013,О628ТН,желтый
Северин Иосиф Евсеевич,Renault,2011,Е787ВР,голубой
Кораблёв Герман Трифонович,Mitsubishi,2002,Т903ХС,белый
Щукина Марта Ярославовна,Mitsubishi,2011,К118ТВ,оранжевый
Ювелева Алла Евгеньевна,Volkswagen,2001,А790ХХ,оранжевый
Дубинкина Афина Викторовна,Honda,1999,Е715НМ,синий
Пахомова Варвара Станиславовна,Kia,1999,К091ХО,оранжевый
Арсеньев Даниил Исидорович,Mercedes,2005,Н289НЕ,красный
Безукладникова Дарья Даниловна,Lada,2021,У375МО,белый
Савицкий Глеб Игнатович,Mazda,2011,А422КА,фиолетовый
Гольца Глафира Владиславовна,Dodge,2017,Н455АС,оранжевый
Ягубский Эмир Гаврилович,Kia,2011,Т496ВР,желтый
Лазарева Арина Тимофеевна,Toyota,2010,М477КС,фиолетовый
Бабикова Дария Борисовна,Jeep,2015,К821ЕК,розовый
Жиганов Иннокентий Ефстафьевич,Mitsubishi,2021,Т302НО,фиолетовый
Брязгин Рустам Борисович,Nissan,2012,К960ВС,красный
Поликарпова Лия Федоровна,Jeep,2001,М017РР,белый
Яцко София Николаевна,Toyota,2006,М500УО,синий
Саввин Дмитрий Егорович,Tesla,2005,Е231УО,оранжевый
Пименов Мирон Гавриилович,Mitsubishi,2012,М235ТУ,черный
Шмелев Егор Германович,Mercedes,2010,О583ТА,черный
Пенкин Фока Феоктистович,Audi,2017,М754НЕ,фиолетовый
Майсака Нина Валентиновна,Lexus,2022,В932МС,красный
Шентеряков Вячеслав Михайлович,Ford,2003,А140ХА,зеленый
Катасонов Павел Никандрович,Jeep,1992,Р980ОО,желтый
Муратов Савва Вилорович,Audi,2002,Р473СЕ,фиолетовый
Бегичев Борис Ефстафьевич,BMV,2001,В437МУ,серый
Крутой Захар Никифорович,Lada,2015,Т668ОН,серый
Глоба Дарина Валерьевна,Hyundai,2015,М258МХ,черный
Абарникова Ярослава Ярославовна,Nissan,2008,М245МВ,серый
Малюгина Жанна Ефимовна,Audi,1990,К463ЕР,розовый
Толкачёва Милана Игоревна,Nissan,1990,С473ХХ,красный
Зюлёв Гаврила Фёдорович,Ford,2008,Т831РО,голубой
Кружков Роман Вахтангович,Tesla,2003,Т924НН,синий
Холода Валерия Денисовна,Ford,2014,М025ЕЕ,фиолетовый
Чеботарев Марат Адамович,Ford,1998,М025ТС,синий
Дубинкина Нина Феликсовна,Dodge,2009,У630СВ,желтый
Шкловский Арсений Виленович,Mercedes,1996,Е836ЕМ,оранжевый
Достовалов Гаврила Максимилианович,Lexus,2021,М610РТ,фиолетовый
Токмаков Юлиан Давыдович,Mercedes,2004,Е732МА,зеленый
Царева Ася Анатольевна,Hyundai,1995,Р017НА,белый
Карманов Фока Генрихович,Skoda,1995,К236КВ,фиолетовый
Фирсова Инесса Михайловна,Dodge,2001,Е665АХ,серый
Гольдина Дарина Михайловна,Mercedes,2022,В148ХТ,синий
Яблонева Марфа Денисовна,Lexus,2014,Х214ХР,желтый
Криворотов Егор Егорович,Mitsubishi,2012,Н507УС,зеленый
Ясенков Феликс Артемьевич,Mercedes,1994,Т510СЕ,красный
Левтева Всеслава Кирилловна,Renault,1991,Т465УС,серый
Цулукидзе Нина Робертовна,Subaru,2020,С266НК,голубой
Ядрищенский Антон Фомич,Lexus,2021,У797УР,серый
Капитанчук Всеволод Харитонович,Mitsubishi,2012,Е524ТА,фиолетовый
Канадов Анатолий Владиленович,Audi,1991,Н454ТМ,желтый
Ябловский Эрнст Виссарионович,Renault,1999,У625УР,розовый
Белоусова Оксана Евгеньевна,Lexus,2020,Р744ОХ,белый
Дроздова Амалия Павловна,Jeep,2018,Е324ОВ,желтый
Усилов Владлен Феоктистович,Hyundai,2014,Х852МТ,красный
Прохорова Каролина Даниловна,Skoda,1991,У226УН,серый
Кучава Фаина Артемовна,Dodge,2004,С437АЕ,желтый
Оленев Тимур Маркович,Honda,1993,Н172НК,белый
Трухин Елисей Владленович,Volkswagen,2019,Р059УХ,красный
Ярочкин Евгений Теймуразович,Jeep,2015,Х628ТК,оранжевый
Поликарпова Кристина Олеговна,Dodge,2013,Р238НА,зеленый
Сиянович Евгения Максимовна,BMV,2016,Н823УЕ,желтый
Савкина Анисья Робертовна,Hyundai,2004,К090ХВ,красный
Петрищева Дарина Кирилловна,Mitsubishi,2002,М792УН,оранжевый
Позона Виталина Ильиничн,Volkswagen,2009,Е385СК,зеленый
Бояринов Виктор Федосеевич,Volkswagen,2022,А431МВ,зеленый
Булка Евстигней Никандрович,Kia,2010,В352ЕМ,черный
Глоба Рада Ярославовна,Lada,1999,В525СУ,фиолетовый
Янкилович Валентина Феликсовна,Dodge,2020,Р880ВС,розовый
Слобожанина Соня Аркадьевна,BMV,2002,Е169ОО,черный
Можаева Анна Романовна,Toyota,2021,Р659НМ,оранжевый
Толкачёва Сафина Павловна,Jeep,1998,Н051ХТ,желтый
Николина Наталья Юрьевна,Subaru,1992,Х626СУ,белый
Москвина Юнона Валентиновна,Skoda,2017,В884МА,серый
Шаршин Роман Бедросович,Mazda,1990,Т045ЕХ,желтый
Валуева Малика Владиславовна,Skoda,1996,К891ОК,желтый
Гулина Марина Антоновна,Mitsubishi,2010,Н290НЕ,розовый
Красильников Капитон Феодосьевич,Audi,1994,В323ЕК,фиолетовый
Царева Алеся Георгиевна,Kia,1999,К003АР,фиолетовый
Зонов Камиль Леонтьевич,Subaru,2003,О692РМ,фиолетовый
Лапухин Святослав Денисович,Mercedes,2008,М878РМ,серый
Кулумбаева Кира Богдановна,Volkswagen,2018,Н050УР,серый
Минина Станислава Сергеевна,Toyota,2010,О425ВУ,фиолетовый
Глинка Айша Семеновна,BMV,1996,Н532АТ,белый
Менде Виктория Сергеевна,Tesla,2012,Т760МВ,белый
Ясенков Прохор Батькович,Honda,2014,М434НЕ,желтый
Каганович Камиль Антонович,Volkswagen,2003,А796АУ,серый
Антонович Доминика Иосифовна,Tesla,2012,Е949ОТ,серый
Чичваркина Зинаида Денисовна,Tesla,2012,Х614НХ,фиолетовый
Портнова Тея Андреевна,Hyundai,2000,У872МВ,серый
Корзоватых Георгий Захарович,Lada,2005,С811НН,зеленый
Чендев Рустам Иосипович,Volkswagen,2003,О933ОХ,голубой
Якшилов Евстигней Валентинович,Renault,2001,Т537ОТ,серый
Портнова Виталина Станиславовна,Dodge,2020,А920ОУ,серый
Апалкова Вера Вячеславовна,Kia,1997,С563ВЕ,черный
Портнова Алеся Кирилловна,Jeep,1997,У971РМ,голубой
Пенкин Аристарх Анатольевич,Jeep,1997,О920НТ,оранжевый
Рюриков Чеслав Иваныч,Kia,2004,Е148КС,розовый
Якубов Даниль Тимурович,Jeep,2000,Х362ЕК,оранжевый
Сергеевич Сафина Вячеславовна,Ford,1998,С703АВ,серый
Козлитин Пётр Иларионович,Hyundai,2010,Т087РН,голубой
Дасаев Елисей Маркович,Nissan,1997,Н085КС,розовый
Ивашечкина Ульяна Григорьевна,Kia,2022,У731СО,голубой
Шурьев Камиль Федотович,Mazda,1991,А819ОО,синий
Кутузов Филимон Ильсурович,Jeep,1994,М390АС,розовый
Лавлинский Тигран Елисеевич,Tesla,2000,Е864СХ,белый
Юрьев Эмиль Магомедович,Lexus,1991,У721СК,красный
Полотенцев Григорий Генрихович,Jeep,2021,О102ОА,зеленый
Манторова Тея Игоревна,Skoda,2020,Т627РХ,оранжевый
Воробьев Гордей Сильвестрович,Tesla,2015,У200КВ,розовый
Набиуллин Иннокентий Викентьевич,BMV,2020,В799УР,черный
Виноградов Павел Вольфович,Subaru,2017,А242ОК,синий
Низамутдинов Яромир Валентинович,Hyundai,2016,С292ТУ,зеленый
Аношкин Эмиль Ваганович,Jeep,1997,В414ВР,красный
Дейнекина Алла Степановна,Audi,2017,А246СН,желтый
Котяш Дамир Абрамович,Lada,2003,В085ОК,голубой
Кораблёв Вячеслав Ростиславович,Skoda,2022,Е654ВС,синий
Муравьева Жасмин Александровна,Skoda,1991,Р328НМ,синий
Эфирова Евгения Алексеевна,Toyota,2014,Н131ХО,оранжевый
Бершова Мелания Филипповна,Jeep,2002,Т733РВ,красный
Пряхин Арсен Герасимович,Ford,2005,В427РМ,красный
Каиров Антон Власович,Dodge,2020,Х636СС,черный
Корнейчука Стефания Аркадьевна,Subaru,2013,Р574ТУ,оранжевый
Поликарпова Нина Ивановна,Tesla,1992,У179КО,красный
Минина Жасмин Робертовна,Volkswagen,1998,Т847АТ,красный
Сергеевич Ульяна Ярославовна,Honda,2006,У751УТ,оранжевый
Сюсин Марк Анатольевич,Ford,2000,К624КР,красный
Капица Фаина Станиславовна,BMV,2008,О048КУ,серый
Никаева Римма Юрьевна,Kia,2006,С579УК,розовый
Этуша Николь Александровна,Dodge,1993,О429РМ,серый
Яскина Камила Леонидовна,Toyota,2005,К938ТО,черный
Шерстова Миа Александровна,Skoda,2022,Е490ВА,красный
Аношкин Осип Измаилович,Lada,2014,О861УР,голубой
Успенская Изольда Андреевна,Lexus,2010,М333ХО,оранжевый
Каримов Прокл Евгеньевич,BMV,1996,Х331КТ,оранжевый
Колобова Александра Викторовна,Renault,1998,У404ХМ,розовый
Ковшутина Виолетта Владимировна,Honda,2017,В495ВТ,серый
Манторова Ника Вячеславовна,Skoda,2020,М719КЕ,фиолетовый
Гусельников Евграф Давидович,BMV,2016,В716ВО,черный
Чечин Егор Иоаннович,Skoda,2017,У474НТ,красный
Калинина Евдокия Матвеевна,Volkswagen,2010,У277АТ,зеленый
Яйцев Руслан Ермолаевич,Renault,2015,С310СУ,фиолетовый
Яскин Лев Иоаннович,Toyota,2013,К711РС,оранжевый
Справцев Макар Жоресович,Hyundai,1994,К663ОА,синий
Типалов Арсен Феофанович,Hyundai,2002,Е538РН,фиолетовый
Кушнарёва Светлана Павловна,BMV,2004,У153ЕМ,зеленый
Балина Ефросинья Николаевна,Ford,2013,С158НО,зеленый
Горюнов Антип Данилович,Tesla,2009,Е600АМ,серый
Ямбаева Ольга Геннадиевна,Mazda,2010,М333ОЕ,черный
Шувалова Афина Александровна,Toyota,2020,Е816ХР,белый
Дёмшин Михаил Даниилович,Mitsubishi,2012,Р720КК,красный
Терентьева Елизавета Денисовна,Renault,1994,Т019НМ,фиолетовый
Скороходова Зоя Константиновна,Mazda,1997,Р259ЕК,голубой
Никерова Аглая Анатольевна,Renault,2020,Х312ВР,белый
Фоменков Михаил Наумович,Mercedes,2006,М990НК,белый
Щавлева Камила Эдуардовна,Volkswagen,1999,В789МТ,черный
Швецова Кристина Валерьевна,Kia,2015,Н000АМ,фиолетовый
Алешин Альберт Тарасович,Mercedes,1997,А931ХМ,голубой
Куприянова Милана Егоровна,Mercedes,2014,М050РУ,красный
Набадчикова Нона Олеговна,Dodge,2018,М862УК,голубой
Ялбачев Аркадий Владимирович,Subaru,2020,М565ТМ,белый
Воробьев Андриян Брониславович,Jeep,2001,М040МН,желтый
Язина Стела Геннадиевна,Skoda,1995,Х306ЕА,розовый
Малинина Ясмина Алексеевна,Toyota,2004,Х196УК,желтый
Озерова Лина Матвеевна,Ford,2001,Х916КС,черный
Дябина Надежда Анатольевна,Mitsubishi,2021,А262УУ,голубой
Бояринов Кирилл Леонтьевич,Renault,2020,К747СС,фиолетовый
Ягфаров Руслан Генрихович,Subaru,2013,М967КО,желтый
Мяукин Леонид Ермилович,Tesla,2011,А799МА,зеленый
Макаров Тигран Константинович,Toyota,2001,Н925НТ,синий
Смышляев Тимур Иосипович,Hyundai,2018,Т514РУ,серый
Милюкова Сафия Андреевна,Volkswagen,2011,О085МН,красный
Браславец Иван Антонович,Mercedes,2010,О250РВ,желтый
Завьялов Станислав Августович,Mercedes,2012,В919ЕС,розовый
Майсак Марсель Григорьевич,Mazda,2019,Т035ТВ,красный
Михеева Оливия Владимировна,Toyota,1998,Н886НМ,черный
Кобелева Агафья Тарасовна,Subaru,2013,С789ТТ,голубой
Сенькина Анна Андреевна,Dodge,1999,А948РТ,голубой
Экземплярский Кирилл Русланович,Mazda,1994,В597ЕЕ,оранжевый
Крутой Владимир Сильвестрович,Honda,2009,О775ОХ,черный
Загидуллина Лидия Яковлевна,Kia,2006,Н101ХР,черный
Чижова Мария Вячеславовна,Renault,1994,Н159ОА,розовый
Лавлинский Степан Рудольфович,Lexus,1993,Е086УР,желтый
Кауфман Герман Антонович,Dodge,2011,Т858ЕМ,черный
Кирдань Богдан Васильевич,Kia,2007,Р795УВ,белый
Матвеева Олеся Алексеевна,Mercedes,2016,К533РХ,серый
Приходько Алла Кирилловна,Toyota,1995,Е447АХ,белый
Сёмин Олег Аверьянович,Skoda,2017,Р280ХХ,синий
Чемериса Анастасия Григорьевна,Volkswagen,2010,А845ТР,черный
Гришкина Лада Тимофеевна,Tesla,2012,Н760ОХ,голубой
Дёмшин Ярослав Виссарионович,Hyundai,1998,К629ХС,черный
Кожедуба Изабелла Валентиновна,Jeep,2005,Х291СА,серый
Лель Андриян Архипович,BMV,2000,Х292СВ,черный
Чалый Денис Никитович,Renault,2011,С390ТК,серый
Снегирёва Сафия Валентиновна,Mazda,2008,Х936НН,красный
Белевич Илья Валерианович,Honda,2021,А629АО,синий
Эвентов Тимофей Ефстафьевич,Audi,2009,Р080ТЕ,синий
Лидина Виолетта Олеговна,BMV,2015,М428ОК,оранжевый
Котяш Фома Игоревич,BMV,2008,О762СН,оранжевый
Нырцев Ярослав Константинович,Mitsubishi,2019,А748ВМ,синий
Кондакова Агния Денисовна,Dodge,1999,О346ТР,желтый
Пузаков Николай Сильвестрович,Toyota,2006,М020ЕН,синий
Язина Ника Владимировна,Lada,2016,Е400ВХ,белый
Ибрагимова Клара Матвеевна,BMV,2010,С129ЕН,оранжевый
Прудникова Милена Романовна,Hyundai,2006,Х334МР,серый
Эссена Мирослава Максимовна,Honda,2010,Т006УР,желтый
Гавриленкова Софья Робертовна,Mitsubishi,1993,Т562ТС,серый
Шитов Владимир Антипович,Mitsubishi,2003,С741ТА,фиолетовый
Абоимова Юлиана Аркадьевна,Volkswagen,2005,Р317ВУ,голубой
Ясенков Остап Генрихович,Renault,1999,У968СС,фиолетовый
Пряхин Мирослав Исидорович,Dodge,2014,О972ЕЕ,черный
Ахвледиани Ефросиния Петровна,Renault,1990,С332НХ,красный
Ёжин Максимильян Викторович,Volkswagen,2021,К261НА,белый
Камкин Богдан Магометович,Subaru,2018,Р352ВЕ,синий
Чекин Матвей Измаилович,Kia,2014,Т897КО,желтый
Майсак Дмитрий Леонидович,Nissan,2009,Т618ТХ,желтый
Мащенко Милана Ярославовна,Lexus,1997,Е433ОР,оранжевый
Озерова Ксения Артемовна,Hyundai,2004,В489ТМ,фиолетовый
Валюхов Виктор Алексеевич,Subaru,2016,С205ТТ,синий
Чупалов Анатолий Гордеевич,Mercedes,2008,М130РА,серый
Курдиков Наум Соломонович,Toyota,1995,Х048РК,желтый
Решетов Артём Тимурович,Mazda,2017,В752НК,красный
Дмитровский Степан Дорофеевич,Ford,2022,Е924АХ,синий
Астафьев Борис Афанасьевич,Kia,1998,В253КВ,голубой
Туполев Иосиф Феодосьевич,Hyundai,2013,В803ВК,розовый
Абросимова Альбина Аркадьевна,Dodge,2012,Т581ОН,черный
Крайнева Людмила Васильевна,Hyundai,2022,О661ВУ,серый
Яцко Всеслава Богдановна,Mazda,1996,В999ЕХ,синий
Жеглов Арсен Вилорович,BMV,1992,Т188РС,розовый
Яромеев Вадим Анатольевич,Jeep,1998,А643НК,белый
Чичваркин Агап Артёмович,Audi,2010,К511ХХ,серый
Низовцова Серафима Григорьевна,Tesla,2009,О727НО,черный
Шуршалин Алексей Тимофеевич,Lexus,2011,К477СО,зеленый
Хейчеева Инга Львовна,BMV,2017,О873ХА,черный
Худовеков Константин Никитович,Nissan,2016,Е784МО,голубой
Мосин Эрнст Елисеевич,Subaru,1994,М689УК,черный
Собчак Мстислав Жанович,Mercedes,2011,Х893СМ,красный
Прудникова Анжелика Ивановна,Audi,2008,В616АТ,голубой
Коллеров Демид Борисыч,Jeep,2000,Т657МХ,серый
Думановский Родион Владиславович,Skoda,1999,Т873ХТ,зеленый
Унтилова Дария Олеговна,Subaru,2001,К336РТ,черный
Шувалова Юлия Викторовна,Lexus,2008,К714ТУ,фиолетовый
Крыжов Антон Леонидович,Dodge,2010,Р103МС,зеленый
Должиков Аркадий Маркыч,Mercedes,2018,Т546РВ,фиолетовый
Седыха Ярослава Ивановна,Dodge,1994,М801ХЕ,фиолетовый
Подмазко Мелания Анатольевна,Audi,2021,К191СЕ,черный
Бирюкова Амалия Максимовна,Toyota,1997,К140УН,синий
Кугушев Эрнст Каллистратович,Lada,2009,К514УЕ,голубой
Чеботарев Вадим Федосеевич,BMV,2007,Р531КН,белый
Снытко Дмитрий Владленович,Dodge,1994,Н675ХЕ,зеленый
Загидуллина Аза Платоновна,Renault,2002,Н075ММ,серый
Позона Аиша Иосифовна,Dodge,2009,Е971КЕ,зеленый
Мамин Максим Ильнурович,Toyota,2007,Е194НУ,голубой
Корнейчука Ксения Семеновна,Lexus,2001,Х000КВ,оранжевый
Утёсов Антип Гаджиевич,Honda,2015,В374ХН,фиолетовый
Михалёва Амина Николаевна,Subaru,2002,В595ХЕ,серый
Жиганов Адам Русланович,Mercedes,2022,Н771СЕ,серый
Тредиаковский Антип Трофимович,Mazda,2019,Н891ЕН,желтый
Игонин Агап Ильмирович,Audi,1990,Е222АХ,черный
Акимова Антонина Кирилловна,Honda,2020,Т786АТ,розовый
Сукин Руслан Глебович,Kia,2007,Х965РТ,розовый
Шелагин Кондрат Каллистратович,Jeep,2005,Н506ВО,оранжевый
Яскин Макар Захарьевич,Mazda,1991,В520АЕ,фиолетовый
Чикунова Виктория Ильиничн,Honda,2000,Р935СР,черный
Канадов Лев Валерьянович,Toyota,2015,Р600КН,розовый
Мажулин Арсений Максимович,Subaru,1990,А165ВС,желтый
Шаршин Юлий Димитриевич,Lada,2019,М356РВ,оранжевый
Беломестных Демид Анисимович,Volkswagen,1999,О099СА,фиолетовый
Ворожцов Бронислав Никодимович,Subaru,1990,В519СН,желтый
Висенина Марта Петровна,Mercedes,2002,У889УУ,белый
Степанишин Феофан Харлампьевич,Mazda,1999,Е068СР,фиолетовый
Гольца Мирослава Кирилловна,Honda,2004,А338ОО,синий
Хахалин Рустам Виленович,Hyundai,2016,О364УК,белый
Ноздрин Эмир Гавриилович,Toyota,2020,А144НЕ,розовый
Зубов Агафон Андроникович,Toyota,2004,С932УО,желтый
Криворотов Наум Аверьянович,Lexus,1999,Р556СТ,красный
Шагидзянов Савва Власович,Lexus,2001,У645РТ,красный
Гольдина Марьяна Викторовна,Lexus,2006,Р959ОР,синий
Карамзин Родион Глебович,Audi,2022,Т257ЕУ,желтый
Расторгуев Билал Ерофеевич,Mercedes,2008,Р882ВМ,желтый
Вахрушев Пётр Филиппович,Kia,2018,В697ММ,фиолетовый
Якунин Виссарион Магомедович,Renault,1997,К517ТМ,голубой
Дёмшина Моника Петровна,Lada,2011,Х671СК,синий
Язина Майя Анатольевна,Jeep,2003,К481УК,черный
Слобожанина Мадина Иосифовна,Lada,2011,А432ЕВ,голубой
Зюлёв Андриян Ибрагимович,BMV,2016,О630ЕМ,оранжевый
Кружков Иван Фокич,Honda,2011,Т341МС,черный
Ясева Алсу Ефимовна,Honda,2010,Р002ЕН,белый
Северинова Камила Львовна,Hyundai,1996,Т752НВ,голубой
Козлитина Эмма Вячеславовна,Hyundai,2000,О152ВС,белый
Желваков Дамир Ильясович,BMV,1997,В263КМ,черный
Касьяненко Кирилл Андроникович,Kia,2017,У593НС,желтый
Легкодимов Илья Евстигнеевич,Kia,1992,В223АА,желтый
Ягемана Есения Виталиевна,Lexus,2006,Н139ХК,синий
Шурупов Игнатий Ермилович,Dodge,2012,Р592СЕ,фиолетовый
Янцев Кондрат Глебович,Mazda,2014,Н159ВК,фиолетовый
Зубова Стела Федоровна,Mazda,2014,М851ВЕ,черный
Чекин Фока Прохорович,BMV,2017,М529ТВ,черный
Краснопёров Рустам Ильич,Subaru,2002,В388ОМ,желтый
Сиясинова Розалия Григорьевна,Jeep,2011,Н936РС,белый
Левтева Теона Валентиновна,Honda,1994,А150УМ,красный
Москвитин Антон Макарович,Lada,2003,У820ЕЕ,синий
Трохин Эрнст Давидович,Kia,2012,О876ХН,фиолетовый
Андроников Фома Витальевич,Toyota,2013,С219ЕМ,фиолетовый
Эссена Доминика Антоновна,Skoda,2005,А647РХ,зеленый
Ягемана Олеся Яковлевна,Renault,2016,Х149АВ,голубой
Савицкая Маргарита Анатольевна,Toyota,1991,О905ХН,белый
Бабикова Ясмина Аркадьевна,Ford,1993,О046ТР,синий
Лазарева Анастасия Антоновна,Ford,2011,Е370АС,желтый
Дульцева Лариса Яковлевна,Honda,1990,Н331ВУ,желтый
Салтыков Тигран Владиленович,Renault,2007,Т511ХО,оранжевый
Староволков Борис Акимович,Mazda,2021,Н775ХХ,красный
Михеева Алина Георгиевна,Mercedes,2011,У284НО,красный
Ёжов Дмитрий Исаевич,Ford,2021,С898НТ,серый
Пичугина Алина Анатольевна,Subaru,2019,С982ВА,фиолетовый
Марков Захар Израилевич,Lexus,2000,Е291РХ,фиолетовый
Справцев Эмин Федотович,BMV,2005,Н433ОН,красный
Трофимов Арсен Елисеевич,Lada,2014,Е997ОХ,розовый
Шуляк Терентий Венедиктович,Kia,2016,О644АХ,красный
Ялбачев Артемий Венедиктович,Mercedes,1991,Р513ХН,черный
Пустоходова Тея Богдановна,Nissan,2011,Р383КМ,красный
Колпаков Аркадий Васильевич,Lada,2000,А278КА,синий
Решетов Эмин Борисович,BMV,2008,Х246ХМ,серый
Ермолова Алиса Владимировна,Lexus,2004,Х575АХ,красный
Демин Фока Ростиславович,Dodge,2000,У330РА,желтый
Якунова Асия Леонидовна,Kia,2003,Т670ЕК,серый
Чужинов Чеслав Сильвестрович,BMV,2010,А804ХВ,зеленый
Михалёв Игнатий Еремеевич,Audi,1996,М684СМ,розовый
Силина Зоя Матвеевна,Skoda,2009,К944УМ,белый
Цулукидзе Амалия Максимовна,BMV,2020,А649КУ,синий
Куликова Вероника Денисовна,Lexus,2013,В616МЕ,оранжевый
Никитина Екатерина Аркадьевна,Mitsubishi,2000,С101АН,белый
Полторака Евдокия Петровна,Lada,1990,Р591МС,черный
Сенькина Лариса Геннадиевна,Skoda,2010,Х095НН,оранжевый
Федоренко Пётр Магометович,Hyundai,2022,Х222ММ,оранжевый
Чучанов Платон Феликсович,Dodge,2017,К246ОТ,красный
Потапова Мария Тарасовна,Mazda,2011,Е801КН,фиолетовый
Югова Вероника Юрьевна,BMV,1996,Р273РВ,серый
Браславец Григорий Бенедиктович,Volkswagen,2011,В513ВС,фиолетовый
Урусова Юлиана Романовна,Jeep,1994,Х019СН,черный
Соломинцева Агата Платоновна,Skoda,2010,Х770АН,белый
Пондяков Рустам Феликсович,Mercedes,1990,Е751РХ,фиолетовый
Воропаев Кирилл Адамович,Mitsubishi,1996,У683АК,красный
Шадрин Савва Виленович,Hyundai,1995,Р535ЕХ,красный
Некрасова Дария Евгеньевна,Volkswagen,1990,А462ОР,розовый
Пелёвина Влада Петровна,Volkswagen,2002,О849ТТ,красный
Кауфман Артём Никандрович,Mazda,2011,А273ЕА,серый
Седыха Лариса Васильевна,Dodge,2018,В447КЕ,оранжевый
Ягуткин Билал Бенедиктович,Dodge,1990,М105ММ,голубой
Суружу Лариса Ефимовна,Lada,1990,Е079ВУ,голубой
Северинова Фатима Валерьевна,Toyota,2002,Е247РС,синий
Дуболазова Влада Константиновна,Toyota,1992,С890УР,зеленый
Кучава Лиана Станиславовна,Audi,2020,О404ТЕ,желтый
Савицкая Алла Денисовна,Nissan,2008,С640АВ,зеленый
Ялунин Святослав Адрианович,Hyundai,2005,М030РН,оранжевый
Ижутина Людмила Игоревна,Lada,2019,М600ТХ,фиолетовый
Оболенский Карим Бориславич,Nissan,2020,О186ТВ,желтый
Енотин Артур Никодимович,Hyundai,2006,Т653СТ,синий
Грибоедова Альбина Антоновна,Subaru,1993,Т286ХХ,белый
Казаков Станислав Алексеевич,Subaru,2018,М027НУ,белый
Ульянова Аяна Ефимовна,Lexus,1993,С410КА,желтый
Берестова Оксана Георгиевна,Toyota,1991,Х733ХТ,голубой
Швецова Лиана Георгиевна,Mercedes,2012,М871РУ,голубой
Бояринова Глафира Анатольевна,Jeep,2008,К869ОС,черный
Курневич Лиана Феликсовна,Mazda,2005,Р946АС,фиолетовый
Некрасова Варвара Андреевна,Nissan,2017,М294УТ,черный
Павлов Игнатий Захарович,Renault,2021,М388ЕР,белый
Ягуткин Данис Демидович,Honda,2007,В114РН,желтый
Жванецкий Руслан Русланович,Mitsubishi,1998,О886УН,синий
Новомейский Арсений Фролович,Renault,2007,О043ХЕ,синий
Унтилова Аглая Андреевна,Lada,1996,К354АМ,оранжевый
Шашлов Артемий Леонович,Mercedes,1993,А420АМ,зеленый
Кондакова Милена Анатольевна,Ford,1996,У157ХЕ,розовый
Калачева Василиса Петровна,Skoda,2005,Н836ТМ,красный
Семянин Елисей Харитонович,Mitsubishi,2011,А428МР,голубой
Щавлева Мелания Александровна,Subaru,2004,У361РУ,синий
Шаврина Альфия Олеговна,Lada,2008,М375ВК,желтый
Кузинов Анатолий Рустамович,Tesla,2005,С575МО,красный
Яцко Марьяна Кирилловна,Volkswagen,2012,Е263УЕ,желтый
Дроздов Глеб Платонович,Nissan,2019,Х511СН,красный
Натаров Руслан Елисеевич,Subaru,2018,Х653СК,розовый
Яблонева Василина Львовна,Ford,2005,С863КЕ,белый
Кобелева Алина Михайловна,Tesla,2020,Х128ХА,серый
Плюхина Сабрина Игоревна,Dodge,2021,А403МО,красный
Александрова Ангелина Олеговна,Mazda,2001,А468ТА,красный
Парамонова Фаина Владиславовна,Jeep,2015,С604ЕМ,желтый
Манторова Ярослава Ивановна,Toyota,1991,С646ЕС,розовый
Щитт Роман Бориславович,Toyota,1990,Е253МХ,голубой
Алешин Евстигней Иваныч,Dodge,2021,Е962ОН,красный
Садовничая Таисия Аркадьевна,Honda,1992,С769КА,белый
Ягуткин Леон Артемьевич,Jeep,2002,Х637ХР,фиолетовый
Брязгин Андрей Артёмович,Skoda,2018,Е194НХ,желтый
Моисеева Мила Виталиевна,Tesla,2004,У019ХХ,розовый
Жиганова Римма Тимофеевна,Renault,1990,С840РМ,желтый
Шелепин Родион Валерьянович,Audi,2005,С271НН,зеленый
Мешкова Мадина Степановна,Mercedes,1992,О431КУ,фиолетовый
Рудавин Кирилл Никанорович,Nissan,2015,В699ТУ,синий
Исмайлова Алла Вячеславовна,Hyundai,2019,Е324АА,желтый
Будаев Даниил Ефремович,Subaru,2020,В054ОЕ,розовый
Смышляев Захар Фомич,Skoda,2020,Н693КА,зеленый
Холода Амелия Сергеевна,Toyota,2002,М294ЕВ,белый
Фирсова Альбина Антоновна,Mazda,1993,М840ВЕ,фиолетовый
Целиковский Максимильян Генрихович,Dodge,2018,М218СК,оранжевый
Русанова Альфия Олеговна,Lexus,2015,Н674МК,синий
Чистякова Зинаида Анатольевна,Honda,2005,К092РК,голубой
Строганова Альбина Дмитриевна,Skoda,2011,К330НХ,белый
Юнкин Святослав Валерьянович,Mazda,1994,Е420МК,красный
Сергеевич Аделя Егоровна,Hyundai,2016,М562КК,белый
Савицкий Леонид Вилорович,Volkswagen,2010,Т008ХР,желтый
Кузаев Владислав Феоктистович,Mazda,2022,В426УС,желтый
Царева Лина Валерьевна,Dodge,2016,Р196ТХ,серый
Калюта Филипп Борисович,Subaru,2010,С911УХ,фиолетовый
Сочинский Валерий Леонидович,Audi,2021,М594НЕ,зеленый
Валуева Дария Тимофеевна,Skoda,2012,Е209КТ,серый
Кулактина Мирослава Кирилловна,Hyundai,2018,В850ВО,синий
Балина Алиса Петровна,BMV,2014,О843СХ,черный
Яимова Алсу Петровна,Honda,2014,М064АЕ,фиолетовый
Кирилловский Евгений Елизарович,Renault,1993,К821ЕА,красный
Крайнева Нина Артемовна,Hyundai,2014,Н538ХУ,черный
Толкачёва Мелания Степановна,BMV,2021,М824КЕ,фиолетовый
Пугин Юлиан Фадеевич,Subaru,2006,К133СК,серый
Борзилов Степан Трофимович,BMV,1993,О371ХУ,синий
Никольская Николь Вячеславовна,Nissan,2005,Н462УО,розовый
Сухова Аяна Константиновна,Hyundai,2004,Н204НС,розовый
Киреева Вера Тимофеевна,Nissan,1998,У866ЕН,голубой
Суслова Ирина Петровна,Skoda,2014,С217ТТ,розовый
Косомова Ираида Артемовна,Nissan,1996,С519ТВ,зеленый
Николина Милена Тарасовна,Lada,1999,М251ТВ,белый
Шувалова Алина Феликсовна,Lada,2006,У393КО,белый
Шарапов Фёдор Максимилианович,Lexus,2018,В362МС,белый
Федорова Роза Алексеевна,Tesla,1996,С603ТК,черный
Котяш Данис Макарович,Mazda,2005,В643ХР,черный
Бранта Ариадна Даниловна,Skoda,2006,Т662ТА,зеленый
Нугаева Татьяна Богдановна,Kia,2018,Н627ТТ,серый
Ясинова Элеонора Максимовна,BMV,1997,У943КМ,желтый
Кучава Анжелика Константиновна,Mitsubishi,2015,О551ХО,белый
Кулумбаева Владлена Эдуардовна,Mitsubishi,2001,Х069ТЕ,серый
